"Timestamp","Username","Telegram Username ","Contribution address - USDT/USDC (BSC allowed)","Put down your SOL wallet 👇 to receive tokens in return ","CONTRIBUTION TRANSACTION ID","Total Amount in $USD: (Example: $50,000) ","I UNDERSTAND THAT I AM COMPLETELY LIABLE FOR ANY LOSSES AND I HAVE DONE MY OWN RESEARCH ","I KNOW CRYPTOCURRENCY IS VOLATILE AND I WILL NOT BE TAKING ANY LEGAL ACTION AGAINST PROFESSIONAL GENIUS ","I CAN CONFIRM I AM NOT BEING GIVEN ANY FINANCIAL ADVICE OR BEING FORCED TO PARTICIPATE","I UNDERSTAND WHAT VESTING IS AND UNDERSTAND IF I SPEAK ABOUT THE DEAL I COULD HAVE MY ALLOCATION PULLED ","I UNDERSTAND THAT IF I DO NOT FOLLOW THE RULES OF THE SALE I AM LIABLE TO THE 5% DEDUCTION FEES"
"2021/09/07 5:25:19 PM GMT+1","joeynew97@gmail.com","akajoey","0xc6e02396b3Fa494315aa994584D9D6daB95B5d5c","","N/A","500","YES I DO AND I HAVE NOT BEEN FORCED TO AGREE","YES I DO AND I HAVE NOT BEEN FORCED TO AGREE","YES I AM PARTICIPATING OFF MY OWN BACK","YES I UNDERSTAND","YES I UNDERSTAND"
"2021/09/07 5:27:44 PM GMT+1","davidchakanetsa51@gmail.com","Dtrader_1","0xc6e02396b3Fa494315aa994584D9D6daB95B5d5c","","0x97e16af51947883137e37e0a4a42295761709d5b1bf79e515784bc2299d57c79","500","YES I DO AND I HAVE NOT BEEN FORCED TO AGREE","YES I DO AND I HAVE NOT BEEN FORCED TO AGREE","YES I AM PARTICIPATING OFF MY OWN BACK","YES I UNDERSTAND","YES I UNDERSTAND"
"2021/09/07 6:57:45 PM GMT+1","noheemkadiri313@gmail.com","K","0xc6e02396b3Fa494315aa994584D9D6daB95B5d5c","9PZYHpZkQEP2Mw2ye4JtBJpwvqh1dz5mng6XSdwFpe6y","0xca81fe9ace722ffd2c68584b136b3d76c60cfcb8ae9fdabf64b64d1c3f761c3c","500","YES I DO AND I HAVE NOT BEEN FORCED TO AGREE","YES I DO AND I HAVE NOT BEEN FORCED TO AGREE","YES I AM PARTICIPATING OFF MY OWN BACK","YES I UNDERSTAND","YES I UNDERSTAND"
"2021/09/07 7:11:10 PM GMT+1","tyemensah@hotmail.com","Tyroneapg1","0xc6e02396b3Fa494315aa994584D9D6daB95B5d5c","2b787eUpjmt2u9umNrscymUy2AW6o3Z6M6HtmdNv9ooW","@progenius","500","YES I DO AND I HAVE NOT BEEN FORCED TO AGREE","YES I DO AND I HAVE NOT BEEN FORCED TO AGREE","YES I AM PARTICIPATING OFF MY OWN BACK","YES I UNDERSTAND","YES I UNDERSTAND"
"2021/09/07 7:14:34 PM GMT+1","tomiadebambo@outlook.com","joeabb","0xc6e02396b3Fa494315aa994584D9D6daB95B5d5c","5eMrSehgv3iWpAt7LXxJhgLbGdA7KGfmzANpF8bYrvva","0x32e38bf4ef2aae877076c63055c58a7b7a011a3c1c6a55e36d3ac95ac5213799","500","YES I DO AND I HAVE NOT BEEN FORCED TO AGREE","YES I DO AND I HAVE NOT BEEN FORCED TO AGREE","YES I AM PARTICIPATING OFF MY OWN BACK","YES I UNDERSTAND","YES I UNDERSTAND"
"2021/09/08 1:55:21 AM GMT+1","madrid4life@hotmail.co.uk","Kingk7227","0xc6e02396b3Fa494315aa994584D9D6daB95B5d5c","0xdb5aB14c76B62e4fFF8533037Db981816871b38b","0x50f40cbf67b21e3f9301d79c8524016880e2ccf07b735ead786749374b8cab7f","5000","YES I DO AND I HAVE NOT BEEN FORCED TO AGREE","YES I DO AND I HAVE NOT BEEN FORCED TO AGREE","YES I AM PARTICIPATING OFF MY OWN BACK","YES I UNDERSTAND","YES I UNDERSTAND"